/*******************************************************************************
 * SPDX-License-Identifier: EUPL-1.2
 * Copyright Regione Piemonte - 2020
 *******************************************************************************/

---- MODIFICHE GIUGNO 2015             

ALTER TABLE SICEE.SICEE_T_CERTIFICATO  ADD (FLG_OLD CHAR(1) DEFAULT 'N' NULL
                                   CONSTRAINT DOM_S_N34  CHECK (FLG_OLD IN ('S','N')));            
ALTER TABLE SICEE.SICEE_T_CERTIFICATO  ADD (COORD_N number(24,8));      
ALTER TABLE SICEE.SICEE_T_CERTIFICATO  ADD (COORD_E number(24,8));      
ALTER TABLE SICEE.SICEE_T_CERTIFICATO  ADD (FLG_NO_RACCOMAND CHAR(1)   NULL
                                   CONSTRAINT DOM_S_N80 CHECK (FLG_NO_RACCOMAND IN ('S','N')));

ALTER TABLE SICEE_T_DATI_GENERALI ADD  (
       NR_UM                NUMBER(2) NULL,
       SUP_RISCALDATA       NUMBER(14,4) NULL,
       SUP_RAFFRESCATA      NUMBER(14,4) NULL,
       SUP_DISPERDENTE      NUMBER(14,4) NULL,
       VOL_LORDO_RAFFRESCATO NUMBER(14,4) NULL,
       FK_OGGETTO_APE INTEGER ,
       FK_DEST_USO_2015     NUMBER(3) NULL) ;




 
ALTER TABLE SICEE_T_ALTRE_INFO ADD (
       NR_CERTIFICATO       VARCHAR2(20) NULL,
       FK_RUOLO_CERT        INTEGER NULL,
       DICH_INPIPENDENZA    VARCHAR2(4000) NULL,
       NOTE_SEGNALAZIONI    VARCHAR2(4000) NULL,
       INFO_MIGL_PREST_ENERG VARCHAR2(4000) NULL,
       DOCUMENTAZIONE VARCHAR2(500),
       FLG_SOPRALLUOGO  CHAR(1) NULL  CONSTRAINT DOM_S_N15  CHECK (FLG_SOPRALLUOGO IN ('S','N')),
       DATA_SOPRALLUOGO     DATE , 
       FLG_SW1 CHAR(1) CONSTRAINT DOM_S_N16  CHECK (FLG_SW1 IN ('S','N')),
       FLG_SW2 CHAR(1) CONSTRAINT DOM_S_N17  CHECK (FLG_SW2 IN ('S','N')),
       NOTE_SOPRALLUOGO  VARCHAR2(4000)
        );
       

 
 
 
 
CREATE TABLE SICEE_D_UNITA_MISURA_2015 (
       ID_UNITA_MISURA      NUMBER(3) NOT NULL,
       DESCR                VARCHAR2(20) NULL
);


ALTER TABLE SICEE_D_UNITA_MISURA_2015
       ADD   CONSTRAINT PK_SICEE_D_UNITA_MISURA_2015 PRIMARY KEY (
              ID_UNITA_MISURA) ;



CREATE TABLE SICEE_T_QTA_CONSUMI_2015 (
       ID_QTA_CONSUMI       NUMBER NOT NULL,
       ID_CERTIFICATORE     VARCHAR2(5) NOT NULL,
       PROGR_CERTIFICATO    VARCHAR2(4) NOT NULL,
       ANNO                 VARCHAR2(4) NOT NULL,
       FK_COMBUSTIBILE      NUMBER(3) NOT NULL,
       FK_UNITA_MISURA      NUMBER(3) NOT NULL,
       QUANTITA             NUMBER(14,4) NULL,
       ALTRO_DESCR_COMB     VARCHAR2(100) NULL
);

ALTER TABLE SICEE_T_QTA_CONSUMI_2015
       ADD   CONSTRAINT PK_SICEE_T_QTA_CONSUMI_2015 PRIMARY KEY (
              ID_QTA_CONSUMI)  ;

 
CREATE TABLE SICEE_D_OGGETTO_APE_2015 (
       ID_OGGETTO_APE       INTEGER NOT NULL,
       DESCR                VARCHAR2(100) NOT NULL
);


ALTER TABLE SICEE_D_OGGETTO_APE_2015
       ADD   CONSTRAINT PK_SICEE_D_OGGETTO_APE_2015 PRIMARY KEY (
              ID_OGGETTO_APE)  ;


CREATE TABLE SICEE_D_ZONA_CLIMATICA_2015 (
       COD_ZONA             CHAR(1) NOT NULL
);


ALTER TABLE SICEE_D_ZONA_CLIMATICA_2015
       ADD   CONSTRAINT PK_SICEE_D_ZONA_CLIMATICA_2015 PRIMARY KEY (
              COD_ZONA ) ;
 

SET DEFINE OFF;
Insert into SICEE_D_ZONA_CLIMATICA_2015
   (COD_ZONA)
 Values
   ('A');
Insert into SICEE_D_ZONA_CLIMATICA_2015
   (COD_ZONA)
 Values
   ('B');
Insert into SICEE_D_ZONA_CLIMATICA_2015
   (COD_ZONA)
 Values
   ('C');
Insert into SICEE_D_ZONA_CLIMATICA_2015
   (COD_ZONA)
 Values
   ('D');
Insert into SICEE_D_ZONA_CLIMATICA_2015
   (COD_ZONA)
 Values
   ('E');
Insert into SICEE_D_ZONA_CLIMATICA_2015
   (COD_ZONA)
 Values
   ('F');
COMMIT;

       
       
       
       
ALTER TABLE SICEE_D_MOTIVO_RILASCIO ADD ( FLG_ATTIVO   NUMBER(1) DEFAULT 0 NULL
                                   CONSTRAINT DOM_014  CHECK (FLG_ATTIVO IN (0,1)));

SET DEFINE OFF;
Insert into SICEE_D_MOTIVO_RILASCIO
   (ID_MOTIVO, DESCR, FLG_VISIBILE_COMBO, FLG_ATTIVO)
 Values
   (100, 'Nuova costruzione', NULL, 1);
Insert into SICEE_D_MOTIVO_RILASCIO
   (ID_MOTIVO, DESCR, FLG_VISIBILE_COMBO, FLG_ATTIVO)
 Values
   (101, 'Passaggio di proprieta''', NULL, 1);
Insert into SICEE_D_MOTIVO_RILASCIO
   (ID_MOTIVO, DESCR, FLG_VISIBILE_COMBO, FLG_ATTIVO)
 Values
   (102, 'Locazione', NULL, 1);
Insert into SICEE_D_MOTIVO_RILASCIO
   (ID_MOTIVO, DESCR, FLG_VISIBILE_COMBO, FLG_ATTIVO)
 Values
   (103, 'Ristrutturazione importante', NULL, 1);
Insert into SICEE_D_MOTIVO_RILASCIO
   (ID_MOTIVO, DESCR, FLG_VISIBILE_COMBO, FLG_ATTIVO)
 Values
   (104, 'Riqualificazione energetica', NULL, 1);
Insert into SICEE_D_MOTIVO_RILASCIO
   (ID_MOTIVO, DESCR, FLG_VISIBILE_COMBO, FLG_ATTIVO)
 Values
   (105, 'Altro', NULL, 1);
COMMIT;




ALTER TABLE SICEE_D_CLASSE_ENERGETICA ADD ( FLG_ATTIVO   NUMBER(1) DEFAULT 0 NULL
                                   CONSTRAINT DOM_015  CHECK (FLG_ATTIVO IN (0,1)));
                                   
SET DEFINE OFF;
Insert into SICEE_D_CLASSE_ENERGETICA
   (ID_CLASSE, DESCR, FLG_NAZIONALE_19205, FLG_ATTIVO)
 Values
   (100, 'A4', NULL, 1);
Insert into SICEE_D_CLASSE_ENERGETICA
   (ID_CLASSE, DESCR, FLG_NAZIONALE_19205, FLG_ATTIVO)
 Values
   (101, 'A3', NULL, 1);
Insert into SICEE_D_CLASSE_ENERGETICA
   (ID_CLASSE, DESCR, FLG_NAZIONALE_19205, FLG_ATTIVO)
 Values
   (102, 'A2', NULL, 1);
Insert into SICEE_D_CLASSE_ENERGETICA
   (ID_CLASSE, DESCR, FLG_NAZIONALE_19205, FLG_ATTIVO)
 Values
   (103, 'A1', NULL, 1);
Insert into SICEE_D_CLASSE_ENERGETICA
   (ID_CLASSE, DESCR, FLG_NAZIONALE_19205, FLG_ATTIVO)
 Values
   (104, 'B', NULL, 1);
Insert into SICEE_D_CLASSE_ENERGETICA
   (ID_CLASSE, DESCR, FLG_NAZIONALE_19205, FLG_ATTIVO)
 Values
   (105, 'C', NULL, 1);
Insert into SICEE_D_CLASSE_ENERGETICA
   (ID_CLASSE, DESCR, FLG_NAZIONALE_19205, FLG_ATTIVO)
 Values
   (106, 'D', NULL, 1);
Insert into SICEE_D_CLASSE_ENERGETICA
   (ID_CLASSE, DESCR, FLG_NAZIONALE_19205, FLG_ATTIVO)
 Values
   (107, 'E', NULL, 1);
Insert into SICEE_D_CLASSE_ENERGETICA
   (ID_CLASSE, DESCR, FLG_NAZIONALE_19205, FLG_ATTIVO)
 Values
   (108, 'F', NULL, 1);
Insert into SICEE_D_CLASSE_ENERGETICA
   (ID_CLASSE, DESCR, FLG_NAZIONALE_19205, FLG_ATTIVO)
 Values
   (109, 'G', NULL, 1);
COMMIT;




ALTER TABLE SICEE_D_COMBUSTIBILE ADD (COD_XML  INTEGER);                                
                                   
ALTER TABLE SICEE_D_COMBUSTIBILE ADD ( FLG_CONSUMI   CHAR(1) DEFAULT 'N' NOT NULL
                                   CONSTRAINT DOM_0181  CHECK (FLG_CONSUMI IN ('S','N'))); 
                                   
ALTER TABLE SICEE_D_COMBUSTIBILE ADD ( FLG_VETTORE_EN_EXPORT   CHAR(1) DEFAULT 'N' NOT NULL
                                   CONSTRAINT DOM_0182  CHECK (FLG_VETTORE_EN_EXPORT IN ('S','N')));     
                                   
ALTER TABLE SICEE_D_COMBUSTIBILE ADD ( FLG_VETTORE_DET_IMP   CHAR(1) DEFAULT 'N' NOT NULL
                                   CONSTRAINT DOM_0183  CHECK (FLG_VETTORE_DET_IMP IN ('S','N')));                                                               

SET DEFINE OFF;
Insert into SICEE_D_COMBUSTIBILE
   (ID_COMBUSTIBILE, DESCR, FATTORE_EMISSIONE, FLG_COMBO_RISCALD, FLG_CONSUMI, 
    FLG_VETTORE_EN_EXPORT, FLG_VETTORE_DET_IMP, COD_XML)
 Values
   (100, 'Energia elettrica', NULL, NULL, 'N', 
    'S', 'N', 0);
Insert into SICEE_D_COMBUSTIBILE
   (ID_COMBUSTIBILE, DESCR, FATTORE_EMISSIONE, FLG_COMBO_RISCALD, FLG_CONSUMI, 
    FLG_VETTORE_EN_EXPORT, FLG_VETTORE_DET_IMP, COD_XML)
 Values
   (101, 'Energia termica', NULL, NULL, 'N', 
    'S', 'N', 1);
Insert into SICEE_D_COMBUSTIBILE
   (ID_COMBUSTIBILE, DESCR, FATTORE_EMISSIONE, FLG_COMBO_RISCALD, FLG_CONSUMI, 
    FLG_VETTORE_EN_EXPORT, FLG_VETTORE_DET_IMP, COD_XML)
 Values
   (102, 'Altro', NULL, NULL, 'N', 
    'S', 'N', 2);
Insert into SICEE_D_COMBUSTIBILE
   (ID_COMBUSTIBILE, DESCR, FATTORE_EMISSIONE, FLG_COMBO_RISCALD, FLG_CONSUMI, 
    FLG_VETTORE_EN_EXPORT, FLG_VETTORE_DET_IMP, COD_XML)
 Values
   (200, 'Energia elettrica', NULL, NULL, 'S', 
    'N', 'S', 0);
Insert into SICEE_D_COMBUSTIBILE
   (ID_COMBUSTIBILE, DESCR, FATTORE_EMISSIONE, FLG_COMBO_RISCALD, FLG_CONSUMI, 
    FLG_VETTORE_EN_EXPORT, FLG_VETTORE_DET_IMP, COD_XML)
 Values
   (201, 'Gas naturale', NULL, NULL, 'S', 
    'N', 'S', 1);
Insert into SICEE_D_COMBUSTIBILE
   (ID_COMBUSTIBILE, DESCR, FATTORE_EMISSIONE, FLG_COMBO_RISCALD, FLG_CONSUMI, 
    FLG_VETTORE_EN_EXPORT, FLG_VETTORE_DET_IMP, COD_XML)
 Values
   (202, 'GPL', NULL, NULL, 'S', 
    'N', 'S', 2);
Insert into SICEE_D_COMBUSTIBILE
   (ID_COMBUSTIBILE, DESCR, FATTORE_EMISSIONE, FLG_COMBO_RISCALD, FLG_CONSUMI, 
    FLG_VETTORE_EN_EXPORT, FLG_VETTORE_DET_IMP, COD_XML)
 Values
   (203, 'Carbone', NULL, NULL, 'S', 
    'N', 'S', 3);
Insert into SICEE_D_COMBUSTIBILE
   (ID_COMBUSTIBILE, DESCR, FATTORE_EMISSIONE, FLG_COMBO_RISCALD, FLG_CONSUMI, 
    FLG_VETTORE_EN_EXPORT, FLG_VETTORE_DET_IMP, COD_XML)
 Values
   (204, 'Gasolio e Olio combustibile', NULL, NULL, 'S', 
    'N', 'S', 4);
Insert into SICEE_D_COMBUSTIBILE
   (ID_COMBUSTIBILE, DESCR, FATTORE_EMISSIONE, FLG_COMBO_RISCALD, FLG_CONSUMI, 
    FLG_VETTORE_EN_EXPORT, FLG_VETTORE_DET_IMP, COD_XML)
 Values
   (205, 'Biomasse solide', NULL, NULL, 'S', 
    'N', 'S', 5);
Insert into SICEE_D_COMBUSTIBILE
   (ID_COMBUSTIBILE, DESCR, FATTORE_EMISSIONE, FLG_COMBO_RISCALD, FLG_CONSUMI, 
    FLG_VETTORE_EN_EXPORT, FLG_VETTORE_DET_IMP, COD_XML)
 Values
   (206, 'Biomasse liquide', NULL, NULL, 'S', 
    'N', 'S', 6);
Insert into SICEE_D_COMBUSTIBILE
   (ID_COMBUSTIBILE, DESCR, FATTORE_EMISSIONE, FLG_COMBO_RISCALD, FLG_CONSUMI, 
    FLG_VETTORE_EN_EXPORT, FLG_VETTORE_DET_IMP, COD_XML)
 Values
   (207, 'Biomasse gassose', NULL, NULL, 'S', 
    'N', 'S', 7);
Insert into SICEE_D_COMBUSTIBILE
   (ID_COMBUSTIBILE, DESCR, FATTORE_EMISSIONE, FLG_COMBO_RISCALD, FLG_CONSUMI, 
    FLG_VETTORE_EN_EXPORT, FLG_VETTORE_DET_IMP, COD_XML)
 Values
   (208, 'Solare fotovoltaico', NULL, NULL, 'S', 
    'N', 'S', 8);
Insert into SICEE_D_COMBUSTIBILE
   (ID_COMBUSTIBILE, DESCR, FATTORE_EMISSIONE, FLG_COMBO_RISCALD, FLG_CONSUMI, 
    FLG_VETTORE_EN_EXPORT, FLG_VETTORE_DET_IMP, COD_XML)
 Values
   (209, 'Solare termico', NULL, NULL, 'S', 
    'N', 'S', 9);
Insert into SICEE_D_COMBUSTIBILE
   (ID_COMBUSTIBILE, DESCR, FATTORE_EMISSIONE, FLG_COMBO_RISCALD, FLG_CONSUMI, 
    FLG_VETTORE_EN_EXPORT, FLG_VETTORE_DET_IMP, COD_XML)
 Values
   (210, 'Eolico    ', NULL, NULL, 'S', 
    'N', 'S', 10);
Insert into SICEE_D_COMBUSTIBILE
   (ID_COMBUSTIBILE, DESCR, FATTORE_EMISSIONE, FLG_COMBO_RISCALD, FLG_CONSUMI, 
    FLG_VETTORE_EN_EXPORT, FLG_VETTORE_DET_IMP, COD_XML)
 Values
   (211, 'Teleriscaldamento', NULL, NULL, 'S', 
    'N', 'S', 11);
Insert into SICEE_D_COMBUSTIBILE
   (ID_COMBUSTIBILE, DESCR, FATTORE_EMISSIONE, FLG_COMBO_RISCALD, FLG_CONSUMI, 
    FLG_VETTORE_EN_EXPORT, FLG_VETTORE_DET_IMP, COD_XML)
 Values
   (212, 'Teleraffrescamento', NULL, NULL, 'S', 
    'N', 'S', 12);
Insert into SICEE_D_COMBUSTIBILE
   (ID_COMBUSTIBILE, DESCR, FATTORE_EMISSIONE, FLG_COMBO_RISCALD, FLG_CONSUMI, 
    FLG_VETTORE_EN_EXPORT, FLG_VETTORE_DET_IMP, COD_XML)
 Values
   (213, 'Altro', NULL, NULL, 'S', 
    'N', 'S', 13);
COMMIT;







CREATE TABLE SICEE_D_RIQ_ENER_2015 (
       CODICE_REN           VARCHAR2(10) NOT NULL,
       DESCR                VARCHAR2(100) NOT NULL
);


ALTER TABLE SICEE_D_RIQ_ENER_2015
       ADD   CONSTRAINT PK_SICEE_D_RIQ_ENER_2015 PRIMARY KEY (
              CODICE_REN)  ;


CREATE TABLE SICEE_D_RUOLO_CERT_2015 (
       ID_RUOLO_CERT        INTEGER NOT NULL,
       DESCR                VARCHAR2(100) NOT NULL
);


ALTER TABLE SICEE_D_RUOLO_CERT_2015
       ADD   CONSTRAINT PK_SICEE_D_RUOLO_CERT_2015 PRIMARY KEY (
              ID_RUOLO_CERT)  ;


CREATE TABLE SICEE_D_SERV_ENER_2015 (
       ID_SERV_ENER         NUMBER(3) NOT NULL,
       DESCR                VARCHAR2(100) NOT NULL,
       FLG_ATTIVO           NUMBER(1) NULL
);


ALTER TABLE SICEE_D_SERV_ENER_2015
       ADD   CONSTRAINT PK_SICEE_D_SERV_ENER_2015 PRIMARY KEY (
              ID_SERV_ENER) ;


CREATE TABLE SICEE_D_TIPO_COPERT_2015 (
       ID_TIPO_COPERTURA    NUMBER(3) NOT NULL,
       DESCR                VARCHAR2(100) NOT NULL,
       FLG_ATTIVO           NUMBER(1) NULL
);


ALTER TABLE SICEE_D_TIPO_COPERT_2015
       ADD   CONSTRAINT PK_SICEE_D_TIPO_COPERT_2015 PRIMARY KEY (
              ID_TIPO_COPERTURA)  ;



CREATE TABLE SICEE_D_TIPO_FOTO_2015 (
       ID_TIPO_FOTO         INTEGER NOT NULL,
       DESCR                VARCHAR2(50) NOT NULL
);


ALTER TABLE SICEE_D_TIPO_FOTO_2015
       ADD  CONSTRAINT PK_SICEE_D_TIPO_FOTO_2015 PRIMARY KEY (
              ID_TIPO_FOTO) ;
              
              
              
CREATE TABLE SICEE_D_TIPO_OMBREG_2015 (
       ID_TIPO_OMBREGGIATURA NUMBER(3) NOT NULL,
       DESCR                VARCHAR2(100) NOT NULL,
       FLG_ATTIVO           NUMBER(1) NULL
);


ALTER TABLE SICEE_D_TIPO_OMBREG_2015
       ADD   CONSTRAINT PK_SICEE_D_TIPO_OMBREG_2015 PRIMARY KEY (
              ID_TIPO_OMBREGGIATURA)  ;


CREATE TABLE SICEE_D_TIPO_STRUT_2015 (
       ID_TIPO_STRUTTURA    NUMBER(3) NOT NULL,
       DESCR                VARCHAR2(100) NOT NULL,
       FLG_ATTIVO           NUMBER(1) NULL
);


ALTER TABLE SICEE_D_TIPO_STRUT_2015
       ADD   CONSTRAINT PK_SICEE_D_TIPO_STRUT_2015 PRIMARY KEY (
              ID_TIPO_STRUTTURA)  ;


CREATE TABLE SICEE_D_TIPO_TELAIO_2015 (
       ID_TIPO_VETRO        NUMBER(3) NOT NULL,
       DESCR                VARCHAR2(100) NOT NULL,
       FLG_ATTIVO           NUMBER(1) NULL
);


ALTER TABLE SICEE_D_TIPO_TELAIO_2015
       ADD   CONSTRAINT PK_SICEE_D_TIPO_TELAIO_2015 PRIMARY KEY (
              ID_TIPO_VETRO)  ;


CREATE TABLE SICEE_D_TIPO_VETRO_2015 (
       ID_TIPO_VETRO        NUMBER(3) NOT NULL,
       DESCR                VARCHAR2(100) NOT NULL,
       FLG_ATTIVO           NUMBER(1) NULL
);


ALTER TABLE SICEE_D_TIPO_VETRO_2015
       ADD   CONSTRAINT PK_SICEE_D_TIPO_VETRO_2015 PRIMARY KEY (
              ID_TIPO_VETRO) ;



CREATE TABLE SICEE_R_DETT_COP_2015 (
       ID_DETT_FABB_COP     INTEGER NOT NULL,
       FK_TIPO_COPERTURA    NUMBER(3) NOT NULL,
       ID_CERTIFICATORE     VARCHAR2(5) NOT NULL,
       PROGR_CERTIFICATO    VARCHAR2(4) NOT NULL,
       ANNO                 VARCHAR2(4) NOT NULL
);


ALTER TABLE SICEE_R_DETT_COP_2015
       ADD   CONSTRAINT PK_SICEE_R_DETT_COP_2015 PRIMARY KEY (
              ID_DETT_FABB_COP)  ;


CREATE TABLE SICEE_R_DETT_INFISSI_2015 (
       ID_DETT_FABB_INFISSI INTEGER NOT NULL,
       ID_CERTIFICATORE     VARCHAR2(5) NULL,
       PROGR_CERTIFICATO    VARCHAR2(4) NULL,
       ANNO                 VARCHAR2(4) NULL,
       FK_TIPO_TELAIO       NUMBER(3) NULL,
       FK_TIPO_VETRO        NUMBER(3) NULL,
       FK_TIPO_OMBREGGIATURA NUMBER(3) NULL,
       MQ_TELAIO            NUMBER(14,4) NULL,
       MQ_VETRO             NUMBER(14,4) NULL,
       MQ_OMBREGG           NUMBER(14,4) NULL
);


ALTER TABLE SICEE_R_DETT_INFISSI_2015
       ADD   CONSTRAINT PK_SICEE_R_DETT_INFISSI_2015 PRIMARY KEY (
              ID_DETT_FABB_INFISSI)  ;


CREATE TABLE SICEE_R_DETT_STRUT_2015 (
       ID_DETT_FABB_STRU    INTEGER NOT NULL,
       ID_CERTIFICATORE     VARCHAR2(5) NOT NULL,
       PROGR_CERTIFICATO    VARCHAR2(4) NOT NULL,
       ANNO                 VARCHAR2(4) NOT NULL,
       FK_TIPO_STRUTTURA    NUMBER(3) NOT NULL
);


ALTER TABLE SICEE_R_DETT_STRUT_2015
       ADD   CONSTRAINT PK_SICEE_R_DETT_STRUT_2015 PRIMARY KEY (
              ID_DETT_FABB_STRU)  ;



CREATE TABLE SICEE_T_CERT_XML_2015 (
       ID_CERTIFICATORE     VARCHAR2(5) NOT NULL,
       PROGR_CERTIFICATO    VARCHAR2(4) NOT NULL,
       ANNO                 VARCHAR2(4) NOT NULL,
       XML_ALLEGATO         CLOB NULL,
       FLG_CONTROLLO_BOZZA  CHAR(1) NULL
                                   CONSTRAINT DOM_S_N88  CHECK (FLG_CONTROLLO_BOZZA IN ('S','N'))
);


ALTER TABLE SICEE_T_CERT_XML_2015
       ADD   CONSTRAINT PK_SICEE_T_CERT_XML_2015 PRIMARY KEY (
              ID_CERTIFICATORE, PROGR_CERTIFICATO, ANNO)  ;






CREATE TABLE SICEE_T_DATI_ENER_2015 (
       ID_CERTIFICATORE     VARCHAR2(5) NOT NULL,
       PROGR_CERTIFICATO    VARCHAR2(4) NOT NULL,
       ANNO                 VARCHAR2(4) NOT NULL,
       FK_CLASSE_ENERGETICA NUMBER(3) NULL,
       FK_CE_RACC_TOTALE    NUMBER(3) NULL,
       FK_CLASSE_ENER_ESISTENTI NUMBER(3) NULL,
       FK_CLASSE_ENER_NUOVI NUMBER(3) NULL,
       EPH                  NUMBER(14,4) NULL,
       EPH_LIMITE           NUMBER(14,4) NULL,
       YIE                  NUMBER(14,4) NULL,
       ASOL_ASUP            NUMBER(14,4) NULL,
       FLG_EDIF_E0          CHAR(1) NULL,
       FLG_CLIMAT_INVERNALE CHAR(1) NULL,
       FLG_CLIMAT_ESTIVA    CHAR(1) NULL,
       FLG_VENTIL_MECCANICA CHAR(1) NULL,
       FLG_PROD_H2O_SANITARIA CHAR(1) NULL,
       FLG_ILLUMINAZIONE    CHAR(1) NULL,
       FLG_TRASPORTO_PERS_COSE CHAR(1) NULL,
       ENERGIA_ESPORTATA    NUMBER(14,4) NULL,
       EPGL_NREN_RACC_TOTALE NUMBER(14,4) NULL,
       EPGL_REN_GLOBALE     NUMBER(14,4) NULL,
       EPGL_NREN_GLOBALE    NUMBER(14,4) NULL,
       EMISSIONI_CO2        NUMBER(14,4) NULL,
       EPGL_NREN_NUOVI      NUMBER(14,4) NULL,
       EPGL_NREN_ESISTENTI  NUMBER(14,4) NULL,
       EPGL_NREN_RIF        NUMBER(14,4) NULL
) ;

ALTER TABLE SICEE_T_DATI_ENER_2015
       ADD   CONSTRAINT PK_SICEE_T_CLASSE_ENERG_2015 PRIMARY KEY (
              ID_CERTIFICATORE, PROGR_CERTIFICATO, ANNO)  ;




CREATE TABLE SICEE_T_DET_IMP_2015 (
       ID_DETTAGLIO_IMP     NUMBER NOT NULL,
       PROGRESSIVO_DETT     NUMBER(3) NULL,
       ID_CERTIFICATORE     VARCHAR2(5) NOT NULL,
       PROGR_CERTIFICATO    VARCHAR2(4) NOT NULL,
       FK_COMBUSTIBILE      NUMBER(3) NOT NULL,
       ANNO                 VARCHAR2(4) NOT NULL,
       FK_SERV_ENER         NUMBER(3) NOT NULL,
       TIPO_IMPIANTO           VARCHAR2(100)  NULL,
       ANNO_INSTALL         NUMBER(4) NULL,
       POTENZA_NOMIN_KW     NUMBER(14,4) NULL,
       EFFICIENZA           NUMBER(14,4) NULL,
       CODICE_IMPIANTO_CIT  INTEGER NULL,
       EPREN                NUMBER(14,4) NULL,
       EPNREN               NUMBER(14,4) NULL
);

CREATE UNIQUE INDEX AK1_SICEE_T_DET_IMP_2015 ON SICEE_T_DET_IMP_2015
(
       ID_CERTIFICATORE             ASC,
       PROGR_CERTIFICATO        ASC,
       ANNO                           			ASC,
       FK_SERV_ENER                   ASC,
       PROGRESSIVO_DETT        ASC
);


ALTER TABLE SICEE_T_DET_IMP_2015
       ADD   CONSTRAINT PK_SICEE_T_DET_IMP_2015 PRIMARY KEY (
              ID_DETTAGLIO_IMP)  ;




CREATE TABLE SICEE_T_FOTO_2015 (
       ID_FOTO              INTEGER NOT NULL,
       ID_CERTIFICATORE     VARCHAR2(5) NOT NULL,
       PROGR_CERTIFICATO    VARCHAR2(4) NOT NULL,
       ANNO                 VARCHAR2(4) NOT NULL,
       IDENTIFIC_FOTO       VARCHAR2(100) NULL,
       NOME_FOTO            VARCHAR2(100) NULL,
       DT_FOTO              DATE NULL,
       FLG_PRINCIPALE       CHAR(1) NULL
                                   CONSTRAINT DOM_S_N77  CHECK (FLG_PRINCIPALE IN ('S','N')),
       FK_TIPO_FOTO         INTEGER NOT NULL
);


ALTER TABLE SICEE_T_FOTO_2015
       ADD   CONSTRAINT PK_SICEE_T_FOTO_2015 PRIMARY KEY (ID_FOTO) ;


CREATE TABLE SICEE_T_RACCOMAND_2015 (
       ID_RACCOMANDAZIONE   INTEGER NOT NULL,
       CODICE_REN           VARCHAR2(10) NULL,
       FK_CLASSE_ENERGETICA NUMBER(3) NULL,
       ID_CERTIFICATORE     VARCHAR2(5) NULL,
       PROGR_CERTIFICATO    VARCHAR2(4) NULL,
       ANNO                 VARCHAR2(4) NULL,
       TIPO_INTERVENTO      VARCHAR2(500) NULL,
       FLG_RISTRUTTURAZIONE CHAR(1) NULL,
       NR_ANNI_RIT_INVEST   NUMBER(6,2) NULL,
       EPGL_NREN_SINGOLO_INT NUMBER(14,4) NULL
);


ALTER TABLE SICEE_T_RACCOMAND_2015
       ADD   CONSTRAINT PK_SICEE_T_RACCOMAND_2015 PRIMARY KEY (
              ID_RACCOMANDAZIONE)  ;




-------------------------------------------------------------------------------------------------------------------------------


ALTER TABLE SICEE_R_DETT_COP_2015
       ADD   CONSTRAINT FK_SICEE_D_TIPO_COPER_2015_01
              FOREIGN KEY (FK_TIPO_COPERTURA)
                             REFERENCES SICEE_D_TIPO_COPERT_2015 ;


ALTER TABLE SICEE_R_DETT_COP_2015
       ADD   CONSTRAINT FK_SICEE_T_CERTIFICATO_24
              FOREIGN KEY (ID_CERTIFICATORE, PROGR_CERTIFICATO, ANNO)
                             REFERENCES SICEE_T_CERTIFICATO  ;


ALTER TABLE SICEE_R_DETT_INFISSI_2015
       ADD   CONSTRAINT FK_SICEE_D_TIPO_OMBR_2015_01
              FOREIGN KEY (FK_TIPO_OMBREGGIATURA)
                             REFERENCES SICEE_D_TIPO_OMBREG_2015  ;


ALTER TABLE SICEE_R_DETT_INFISSI_2015
       ADD   CONSTRAINT FK_SICEE_D_TIPO_VETRO_2015_01
              FOREIGN KEY (FK_TIPO_VETRO)
                             REFERENCES SICEE_D_TIPO_VETRO_2015  ;


ALTER TABLE SICEE_R_DETT_INFISSI_2015
       ADD   CONSTRAINT FK_SICEE_D_TIPO_TEL_2015_01
              FOREIGN KEY (FK_TIPO_TELAIO)
                             REFERENCES SICEE_D_TIPO_TELAIO_2015 ;


ALTER TABLE SICEE_R_DETT_INFISSI_2015
       ADD   CONSTRAINT FK_SICEE_T_CERTIFICATO_26
              FOREIGN KEY (ID_CERTIFICATORE, PROGR_CERTIFICATO, ANNO)
                             REFERENCES SICEE_T_CERTIFICATO  ;


ALTER TABLE SICEE_R_DETT_STRUT_2015
       ADD   CONSTRAINT FK_SICEE_D_TIPO_STRUT_2015_01
              FOREIGN KEY (FK_TIPO_STRUTTURA)
                             REFERENCES SICEE_D_TIPO_STRUT_2015 ;


ALTER TABLE SICEE_R_DETT_STRUT_2015
       ADD   CONSTRAINT FK_SICEE_T_CERTIFICATO_25
              FOREIGN KEY (ID_CERTIFICATORE, PROGR_CERTIFICATO, ANNO)
                             REFERENCES SICEE_T_CERTIFICATO  ;


ALTER TABLE SICEE_T_ALTRE_INFO
       ADD   CONSTRAINT FK_SICEE_D_RUOLO_CERT_2015_01
              FOREIGN KEY (FK_RUOLO_CERT)
                             REFERENCES SICEE_D_RUOLO_CERT_2015  ;


ALTER TABLE SICEE_T_CERT_XML_2015
       ADD   CONSTRAINT FK_SICEE_T_CERTIFICATO_28
              FOREIGN KEY (ID_CERTIFICATORE, PROGR_CERTIFICATO, ANNO)
                             REFERENCES SICEE_T_CERTIFICATO  ;


ALTER TABLE SICEE_T_DATI_ENER_2015
       ADD   CONSTRAINT FK_SICEE_D_CLASSE_ENE_06
              FOREIGN KEY (FK_CLASSE_ENER_NUOVI)
                             REFERENCES SICEE_D_CLASSE_ENERGETICA ;


ALTER TABLE SICEE_T_DATI_ENER_2015
       ADD   CONSTRAINT FK_SICEE_D_CLASSE_ENE_07
              FOREIGN KEY (FK_CLASSE_ENER_ESISTENTI)
                             REFERENCES SICEE_D_CLASSE_ENERGETICA ;


ALTER TABLE SICEE_T_DATI_ENER_2015
       ADD   CONSTRAINT FK_SICEE_D_CLASSE_ENE_08
              FOREIGN KEY (FK_CE_RACC_TOTALE)
                             REFERENCES SICEE_D_CLASSE_ENERGETICA  ;


ALTER TABLE SICEE_T_DATI_ENER_2015
       ADD   CONSTRAINT FK_SICEE_D_CLASSE_ENE_05
              FOREIGN KEY (FK_CLASSE_ENERGETICA)
                             REFERENCES SICEE_D_CLASSE_ENERGETICA  ;


ALTER TABLE SICEE_T_DATI_ENER_2015
       ADD   CONSTRAINT FK_SICEE_T_CERTIFICATO_30
              FOREIGN KEY (ID_CERTIFICATORE, PROGR_CERTIFICATO, ANNO)
                             REFERENCES SICEE_T_CERTIFICATO  ;


ALTER TABLE SICEE_T_DATI_GENERALI
       ADD   CONSTRAINT FK_SICEE_D_ZONA_CLIM_2015_01
              FOREIGN KEY (ZONA_CLIMATICA)
                             REFERENCES SICEE_D_ZONA_CLIMATICA_2015;


ALTER TABLE SICEE_T_DATI_GENERALI
       ADD   CONSTRAINT FK_SICEE_D_OGGETTOAPE_01
              FOREIGN KEY (FK_OGGETTO_APE)
                             REFERENCES SICEE_D_OGGETTO_APE_2015  ;


ALTER TABLE SICEE_T_DET_IMP_2015
       ADD   CONSTRAINT FK_SICEE_D_COMB_04
              FOREIGN KEY (FK_COMBUSTIBILE)
                             REFERENCES SICEE_D_COMBUSTIBILE ;


ALTER TABLE SICEE_T_DET_IMP_2015
       ADD   CONSTRAINT FK_SICEE_D_SERV_ENER_2015_01
              FOREIGN KEY (FK_SERV_ENER)
                             REFERENCES SICEE_D_SERV_ENER_2015 ;


ALTER TABLE SICEE_T_DET_IMP_2015
       ADD   CONSTRAINT FK_SICEE_T_CERTIFICATO_31
              FOREIGN KEY (ID_CERTIFICATORE, PROGR_CERTIFICATO, ANNO)
                             REFERENCES SICEE_T_CERTIFICATO  ;


ALTER TABLE SICEE_T_FOTO_2015
       ADD   CONSTRAINT FK_SICEE_T_CERTIFICATO_27
              FOREIGN KEY (ID_CERTIFICATORE, PROGR_CERTIFICATO, ANNO)
                             REFERENCES SICEE_T_CERTIFICATO  ;

ALTER TABLE SICEE_T_FOTO_2015
       ADD CONSTRAINT FK_SICEE_D_TIPO_FOTO_2015_01
              FOREIGN KEY (FK_TIPO_FOTO)
                             REFERENCES SICEE_D_TIPO_FOTO_2015 ;
                             
                             
ALTER TABLE SICEE_T_QTA_CONSUMI_2015
       ADD   CONSTRAINT FK_SICEE_D_UNIMISURA_01
              FOREIGN KEY (FK_UNITA_MISURA)
                             REFERENCES SICEE_D_UNITA_MISURA_2015  ;


ALTER TABLE SICEE_T_QTA_CONSUMI_2015
       ADD   CONSTRAINT FK_SICEE_D_COMB_05
              FOREIGN KEY (FK_COMBUSTIBILE)
                             REFERENCES SICEE_D_COMBUSTIBILE  ;


ALTER TABLE SICEE_T_QTA_CONSUMI_2015
       ADD   CONSTRAINT FK_SICEE_T_CERTIFICATO_32
              FOREIGN KEY (ID_CERTIFICATORE, PROGR_CERTIFICATO, ANNO)
                             REFERENCES SICEE_T_CERTIFICATO ;


ALTER TABLE SICEE_T_RACCOMAND_2015
       ADD   CONSTRAINT FK_SICEE_D_CLASSE_ENE_04
              FOREIGN KEY (FK_CLASSE_ENERGETICA)
                             REFERENCES SICEE_D_CLASSE_ENERGETICA ;


ALTER TABLE SICEE_T_RACCOMAND_2015
       ADD   CONSTRAINT FK_SICEE_T_CERTIFICATO_23
              FOREIGN KEY (ID_CERTIFICATORE, PROGR_CERTIFICATO, ANNO)
                             REFERENCES SICEE_T_CERTIFICATO  ;


ALTER TABLE SICEE_T_RACCOMAND_2015
       ADD   CONSTRAINT FK_SICEE_D_RIQ_ENER_2015_01
              FOREIGN KEY (CODICE_REN)
                             REFERENCES SICEE_D_RIQ_ENER_2015  ;


----------------------------------------------
-- AGGIUNTE LUGLIO 2015    --
---------------------------------------------

CREATE TABLE SICEE_D_TIPO_DOC_INDEX_2015 (
       ID_TIPO_DOC   NUMBER(3) NOT NULL,
       DESCR                VARCHAR2(100) NULL
);

ALTER TABLE SICEE_D_TIPO_DOC_INDEX_2015
       ADD  CONSTRAINT PK_SICEE_D_TIPO_DOC_INDEX_2015 PRIMARY KEY (ID_TIPO_DOC) ;


CREATE TABLE SICEE_T_RIF_INDEX_2015 (
       ID_RIF_INDEX         NUMBER NOT NULL,
       ID_CERTIFICATORE     VARCHAR2(5) NOT NULL,
       PROGR_CERTIFICATO    VARCHAR2(4) NOT NULL,
       ANNO                 VARCHAR2(4) NOT NULL,
       FK_TIPO_DOC          NUMBER(3) NOT NULL,
       NOME_FILE            VARCHAR2(100) NULL,
       UID_INDEX            VARCHAR2(100) NULL,
       HASH                 VARCHAR2(100) NULL
);


ALTER TABLE SICEE_T_RIF_INDEX_2015
       ADD  CONSTRAINT PK_SICEE_T_RIF_INDEX_2015 PRIMARY KEY (
              ID_RIF_INDEX ) ;


CREATE UNIQUE INDEX IE_SICEE_T_RIF_INDEX_2015_01 ON SICEE_T_RIF_INDEX_2015
(
       ID_CERTIFICATORE               ,
       PROGR_CERTIFICATO              ,
       ANNO                           ,
       FK_TIPO_DOC                    
)
      TABLESPACE SICEE_SMALL_IDX
;


ALTER TABLE SICEE_T_RIF_INDEX_2015
       ADD   CONSTRAINT FK_SICEE_D_TP_DOC_IDX_2015_01
              FOREIGN KEY (FK_TIPO_DOC)
                             REFERENCES SICEE_D_TIPO_DOC_INDEX_2015  ;


ALTER TABLE SICEE_T_RIF_INDEX_2015
       ADD   CONSTRAINT FK_SICEE_T_CERTIFICATO_33
              FOREIGN KEY (ID_CERTIFICATORE, PROGR_CERTIFICATO, ANNO)
                             REFERENCES SICEE_T_CERTIFICATO ;



CREATE TABLE SICEE_R_COMB_DENER_2015 (
       ID_COMBUSTIBILE      NUMBER(3) NOT NULL,
       ID_CERTIFICATORE     VARCHAR2(5) NOT NULL,
       PROGR_CERTIFICATO    VARCHAR2(4) NOT NULL,
       ANNO                 VARCHAR2(4) NOT NULL,
       DESCR_ALTRO          VARCHAR2(50) NULL
);


ALTER TABLE SICEE_R_COMB_DENER_2015
       ADD   CONSTRAINT PK_SICEE_R_COMB_DENER_2015 PRIMARY KEY (
              ID_COMBUSTIBILE, ID_CERTIFICATORE, PROGR_CERTIFICATO, 
              ANNO)  ;


ALTER TABLE SICEE_R_COMB_DENER_2015
       ADD   CONSTRAINT FK_SICEE_T_DATI_ENER_2015_01
              FOREIGN KEY (ID_CERTIFICATORE, PROGR_CERTIFICATO, ANNO)
                             REFERENCES SICEE_T_DATI_ENER_2015 ;


ALTER TABLE SICEE_R_COMB_DENER_2015
       ADD   CONSTRAINT FK_SICEE_D_COMB_06
              FOREIGN KEY (ID_COMBUSTIBILE)
                             REFERENCES SICEE_D_COMBUSTIBILE  ;



CREATE TABLE SICEE_D_DEST_USO_2015 (
       ID_DEST_USO_2015     NUMBER(3) NOT NULL,
       SIGLA                VARCHAR2(10) NULL,
       DESCR                VARCHAR2(1000) NULL,
       FLG_RESIDENZIALE     CHAR(1) NOT NULL
                                   CONSTRAINT DOM_S_N82  CHECK (FLG_RESIDENZIALE IN ('S','N')),
       FLG_ATTIVO           NUMBER(1) NOT NULL
);


ALTER TABLE SICEE_D_DEST_USO_2015
       ADD   CONSTRAINT PK_SICEE_D_DEST_USO_2015  PRIMARY KEY (
              ID_DEST_USO_2015 ) ;
              
              
 ALTER TABLE SICEE_T_DATI_GENERALI
       ADD   CONSTRAINT FK_SICEE_D_DEST_USO_2015_01
              FOREIGN KEY (FK_DEST_USO_2015)
                             REFERENCES SICEE_D_DEST_USO_2015  ;


----------------------------------------------
-- AGGIUNTE AGOSTO 2015  --
---------------------------------------------

SET DEFINE OFF;
Insert into SICEE_D_UNITA_MISURA_2015
   (ID_UNITA_MISURA, DESCR)
 Values
   (0, 'Nm3');
Insert into SICEE_D_UNITA_MISURA_2015
   (ID_UNITA_MISURA, DESCR)
 Values
   (1, 'l');
Insert into SICEE_D_UNITA_MISURA_2015
   (ID_UNITA_MISURA, DESCR)
 Values
   (2, 'kg');
Insert into SICEE_D_UNITA_MISURA_2015
   (ID_UNITA_MISURA, DESCR)
 Values
   (3, 'kWh');
COMMIT;



SET DEFINE OFF;
Insert into SICEE_D_DEST_USO_2015
   (ID_DEST_USO_2015, SIGLA, DESCR, FLG_RESIDENZIALE, FLG_ATTIVO)
 Values
   (0, 'E1(1)', 'Abitazioni adibite a residenza con carattere continuativo, quali abitazioni civili e rurali', 'S', 1);
Insert into SICEE_D_DEST_USO_2015
   (ID_DEST_USO_2015, SIGLA, DESCR, FLG_RESIDENZIALE, FLG_ATTIVO)
 Values
   (1, 'E1(1) bis', 'Collegi, conventi, case di pena, caserme', 'N', 1);
Insert into SICEE_D_DEST_USO_2015
   (ID_DEST_USO_2015, SIGLA, DESCR, FLG_RESIDENZIALE, FLG_ATTIVO)
 Values
   (2, 'E1(2)', 'Abitazioni adibite a residenza con occupazione saltuaria, quali case per vacanze, fine settimana e simili', 'S', 1);
Insert into SICEE_D_DEST_USO_2015
   (ID_DEST_USO_2015, SIGLA, DESCR, FLG_RESIDENZIALE, FLG_ATTIVO)
 Values
   (3, 'E1(3)', 'Edifici adibiti ad albergo, pensione ed attivita'' similari', 'N', 1);
Insert into SICEE_D_DEST_USO_2015
   (ID_DEST_USO_2015, SIGLA, DESCR, FLG_RESIDENZIALE, FLG_ATTIVO)
 Values
   (4, 'E2', 'Edifici adibiti a uffici e assimilabili; pubblici o privati,indipendenti o contigui a costruzioni adibite anche ad attivita'' industriali o artigianali, purche'' siano da tali costruzioni scorporabili agli effetti dell''isolamento termico', 'N', 1);
Insert into SICEE_D_DEST_USO_2015
   (ID_DEST_USO_2015, SIGLA, DESCR, FLG_RESIDENZIALE, FLG_ATTIVO)
 Values
   (5, 'E3', 'Edifici adibiti a ospedali, cliniche o case di cura e assimilabili ivi compresi quelli adibiti a ricovero o cura di minori o anziani nonche'' le strutture protette per l''assistenza ed il recupero dei tossico-dipendenti e di altri soggetti affidati a servizi sociali pubblici', 'N', 1);
Insert into SICEE_D_DEST_USO_2015
   (ID_DEST_USO_2015, SIGLA, DESCR, FLG_RESIDENZIALE, FLG_ATTIVO)
 Values
   (6, 'E4(1)', 'Edifici adibiti ad attivita'' ricreative, associative o di culto e assimilabili quali: cinema e teatri, sale di riunione per congressi', 'N', 1);
Insert into SICEE_D_DEST_USO_2015
   (ID_DEST_USO_2015, SIGLA, DESCR, FLG_RESIDENZIALE, FLG_ATTIVO)
 Values
   (7, 'E4(2)', 'Edifici adibiti ad attivita'' ricreative, associative o di culto e assimilabili quali: mostre musei e biblioteche, luoghi di culto', 'N', 1);
Insert into SICEE_D_DEST_USO_2015
   (ID_DEST_USO_2015, SIGLA, DESCR, FLG_RESIDENZIALE, FLG_ATTIVO)
 Values
   (8, 'E4(3)', 'Edifici adibiti ad attivita'' ricreative, associative o di culto e assimilabili quali: bar, ristoranti, sale da ballo', 'N', 1);
Insert into SICEE_D_DEST_USO_2015
   (ID_DEST_USO_2015, SIGLA, DESCR, FLG_RESIDENZIALE, FLG_ATTIVO)
 Values
   (9, 'E5', 'Edifici adibiti ad attivita'' commerciali e assimilabili quali: negozi, magazzini di vendita all''ingrosso o al minuto, supermercati, esposizioni 
', 'N', 1);
Insert into SICEE_D_DEST_USO_2015
   (ID_DEST_USO_2015, SIGLA, DESCR, FLG_RESIDENZIALE, FLG_ATTIVO)
 Values
   (10, 'E6(1)', 'Edifici adibiti ad attivita'' sportive: piscine, saune e assimilabili', 'N', 1);
Insert into SICEE_D_DEST_USO_2015
   (ID_DEST_USO_2015, SIGLA, DESCR, FLG_RESIDENZIALE, FLG_ATTIVO)
 Values
   (11, 'E6(2)', 'Edifici adibiti ad attivita'' sportive: palestre e assimilabili', 'N', 1);
Insert into SICEE_D_DEST_USO_2015
   (ID_DEST_USO_2015, SIGLA, DESCR, FLG_RESIDENZIALE, FLG_ATTIVO)
 Values
   (12, 'E6(3)', 'Edifici adibiti ad attivita'' sportive: servizi di supporto alle attivita'' sportive', 'N', 1);
Insert into SICEE_D_DEST_USO_2015
   (ID_DEST_USO_2015, SIGLA, DESCR, FLG_RESIDENZIALE, FLG_ATTIVO)
 Values
   (13, 'E7', 'Edifici adibiti ad attivita'' scolastiche a tutti i livelli e assimilabili', 'N', 1);
Insert into SICEE_D_DEST_USO_2015
   (ID_DEST_USO_2015, SIGLA, DESCR, FLG_RESIDENZIALE, FLG_ATTIVO)
 Values
   (14, 'E8', 'Edifici adibiti ad attivita'' industriali ed artigianali e assimilabili', 'N', 1);
COMMIT;



SET DEFINE OFF;
Insert into SICEE_D_OGGETTO_APE_2015
   (ID_OGGETTO_APE, DESCR)
 Values
   (0, 'Intero edificio');
Insert into SICEE_D_OGGETTO_APE_2015
   (ID_OGGETTO_APE, DESCR)
 Values
   (1, 'Unita'' immobiliare');
Insert into SICEE_D_OGGETTO_APE_2015
   (ID_OGGETTO_APE, DESCR)
 Values
   (2, 'Gruppo di unita'' immobiliari');
COMMIT;



SET DEFINE OFF;
Insert into SICEE_D_RUOLO_CERT_2015
   (ID_RUOLO_CERT, DESCR)
 Values
   (0, 'Ente/organismo pubblico');
Insert into SICEE_D_RUOLO_CERT_2015
   (ID_RUOLO_CERT, DESCR)
 Values
   (1, 'Tecnico abilitato');
Insert into SICEE_D_RUOLO_CERT_2015
   (ID_RUOLO_CERT, DESCR)
 Values
   (2, 'Organismo/societa''');
COMMIT;

     
     
     
     
----------------------------------------------------
-- AGGIUNTE SETTEMBRE 2015  --
----------------------------------------------------

CREATE SEQUENCE SEQ_SICEE_T_FOTO_2015
  START WITH 1
  MAXVALUE 999999999999999999999999999
  MINVALUE 1
  NOCYCLE
  NOCACHE
  NOORDER;
  
  
  CREATE SEQUENCE SEQ_SICEE_T_RIF_INDEX_2015
  START WITH 1
  MAXVALUE 999999999999999999999999999
  MINVALUE 1
  NOCYCLE
  NOCACHE
  NOORDER;
  
  
  CREATE SEQUENCE SEQ_SICEE_T_QTA_CONSUMI_2015
  START WITH 1
  MAXVALUE 999999999999999999999999999
  MINVALUE 1
  NOCYCLE
  NOCACHE
  NOORDER;
 
  
   CREATE SEQUENCE SEQ_SICEE_T_RACCOMAND_2015
  START WITH 1
  MAXVALUE 999999999999999999999999999
  MINVALUE 1
  NOCYCLE
  NOCACHE
  NOORDER;


 CREATE SEQUENCE SEQ_SICEE_T_DET_IMP_2015
  START WITH 1
  MAXVALUE 999999999999999999999999999
  MINVALUE 1
  NOCYCLE
  NOCACHE
  NOORDER;




  ALTER TABLE SICEE.SICEE_T_TRANSAZIONE_ACE  ADD (FK_CREDITO  NUMBER);


CREATE TABLE SICEE_T_CREDITO (
       ID_CREDITO           NUMBER NOT NULL,
       FK_CERTIFICATORE     VARCHAR2(5) NOT NULL,
       VALORE_CREDITO_INIZIALE NUMBER NULL,
       VALORE_CREDITO_FINALE NUMBER NULL,
       DATA_CREAZIONE_CREDITO DATE NULL,
       NOTE                 VARCHAR2(20) NULL
);

ALTER TABLE SICEE_T_CREDITO
       ADD  CONSTRAINT PK_SICEE_T_CREDITO PRIMARY KEY (ID_CREDITO)  ;



ALTER TABLE SICEE_T_CREDITO
       ADD   CONSTRAINT FK_SICEE_T_CERTIFICATORE_07
              FOREIGN KEY (FK_CERTIFICATORE)
                             REFERENCES SICEE_T_CERTIFICATORE  ;

  
  
  ALTER TABLE SICEE_T_TRANSAZIONE_ACE
       ADD  CONSTRAINT FK_SICEE_T_CREDITO_01
              FOREIGN KEY (FK_CREDITO)
                             REFERENCES SICEE_T_CREDITO  ;

  
  
  ALTER TABLE SICEE_T_CERTIFICATO ADD  RIF_CATASTO   VARCHAR2(5) NULL
                                   CONSTRAINT DOM_NCEU_NCT
                                          CHECK (RIF_CATASTO IN ('NCEU','NCT'));

  
    ALTER TABLE SICEE_T_ALTRE_INFO ADD  MOTIVO_ALTRO   VARCHAR2(200);
  
  
  ALTER TABLE SICEE.SICEE_T_DATICATAST_SEC  ADD (CODICE_COMUNE_CATASTALE  VARCHAR2(5));
  ALTER TABLE SICEE.SICEE_T_CERTIFICATO  ADD (CODICE_COMUNE_CATASTALE  VARCHAR2(5));
  
  
  
  SET DEFINE OFF;
Insert into SICEE_D_STATO_CERT
   (ID_STATO, DESCR, FLG_RICERCA)
 Values
   (7, 'Bruciato', NULL);
COMMIT;

  
  SET DEFINE OFF;
Insert into SICEE_D_TIPO_DOC_INDEX_2015
   (ID_TIPO_DOC, DESCR)
 Values
   (1, 'PDF APE consolidato');
Insert into SICEE_D_TIPO_DOC_INDEX_2015
   (ID_TIPO_DOC, DESCR)
 Values
   (2, 'PDF APE firmato');
Insert into SICEE_D_TIPO_DOC_INDEX_2015
   (ID_TIPO_DOC, DESCR)
 Values
   (3, 'PDF indicatore APE');
COMMIT;


SET DEFINE OFF;
Insert into SICEE_D_SERV_ENER_2015
   (ID_SERV_ENER, DESCR, FLG_ATTIVO)
 Values
   (1, '<sezioneClimaInver>', 1);
Insert into SICEE_D_SERV_ENER_2015
   (ID_SERV_ENER, DESCR, FLG_ATTIVO)
 Values
   (2, '<sezioneClimaEst>', 1);
Insert into SICEE_D_SERV_ENER_2015
   (ID_SERV_ENER, DESCR, FLG_ATTIVO)
 Values
   (3, '<sezioneAcquaCalda>', 1);
Insert into SICEE_D_SERV_ENER_2015
   (ID_SERV_ENER, DESCR, FLG_ATTIVO)
 Values
   (4, '<sezioneImpiantiCombinati>
', 1);
Insert into SICEE_D_SERV_ENER_2015
   (ID_SERV_ENER, DESCR, FLG_ATTIVO)
 Values
   (5, 'Produzione da fonti rinnovabili', 1);
Insert into SICEE_D_SERV_ENER_2015
   (ID_SERV_ENER, DESCR, FLG_ATTIVO)
 Values
   (6, 'Ventilazione meccanica', 1);
Insert into SICEE_D_SERV_ENER_2015
   (ID_SERV_ENER, DESCR, FLG_ATTIVO)
 Values
   (7, 'Illuminazione', 1);
Insert into SICEE_D_SERV_ENER_2015
   (ID_SERV_ENER, DESCR, FLG_ATTIVO)
 Values
   (8, 'Trasporto di persone o cose', 1);
COMMIT;



SET DEFINE OFF;
Insert into SICEE_D_RIQ_ENER_2015
   (CODICE_REN, DESCR)
 Values
   ('REN1', 'Fabbricato - Involucro opaco');
Insert into SICEE_D_RIQ_ENER_2015
   (CODICE_REN, DESCR)
 Values
   ('REN2', 'Fabbricato - Involucro trasparente');
Insert into SICEE_D_RIQ_ENER_2015
   (CODICE_REN, DESCR)
 Values
   ('REN3', 'Impianto climatizzazione - Inverno');
Insert into SICEE_D_RIQ_ENER_2015
   (CODICE_REN, DESCR)
 Values
   ('REN4', 'Impianto climatizzazione - Estate');
Insert into SICEE_D_RIQ_ENER_2015
   (CODICE_REN, DESCR)
 Values
   ('REN5', 'Altri impianti');
Insert into SICEE_D_RIQ_ENER_2015
   (CODICE_REN, DESCR)
 Values
   ('REN6', 'Fonti rinnovabili');
COMMIT;



SET DEFINE OFF;
Insert into SICEE_D_TIPO_ISTRUZIONE
   (ID_TIPO_ISTRUZIONE, DESCR)
 Values
   (1, 'laurea magistrale/specialistica');
Insert into SICEE_D_TIPO_ISTRUZIONE
   (ID_TIPO_ISTRUZIONE, DESCR)
 Values
   (2, 'laurea triennale');
Insert into SICEE_D_TIPO_ISTRUZIONE
   (ID_TIPO_ISTRUZIONE, DESCR)
 Values
   (3, 'diploma tecnico');
COMMIT;



SET DEFINE OFF;
Insert into SICEE_D_TIPO_FOTO_2015
   (ID_TIPO_FOTO, DESCR)
 Values
   (1, 'Facciata edificio');
Insert into SICEE_D_TIPO_FOTO_2015
   (ID_TIPO_FOTO, DESCR)
 Values
   (2, 'Fabbricato-involucro opaco');
Insert into SICEE_D_TIPO_FOTO_2015
   (ID_TIPO_FOTO, DESCR)
 Values
   (3, 'Fabbricato-involucro trasparente');
Insert into SICEE_D_TIPO_FOTO_2015
   (ID_TIPO_FOTO, DESCR)
 Values
   (4, 'Impianto');
COMMIT;



insert into SICEE_T_RIF_INDEX_2015 (ID_RIF_INDEX,ID_CERTIFICATORE,PROGR_CERTIFICATO,ANNO,FK_TIPO_DOC,NOME_FILE,UID_INDEX)
SELECT SEQ_SICEE_T_RIF_INDEX_2015.NEXTVAL,ID_CERTIFICATORE,PROGR_CERTIFICATO,ANNO,2,NOME_PDF,IDENTIFIC_PDF
FROM SICEE_T_CERTIFICATO where IDENTIFIC_PDF is not null;

insert into SICEE_T_FOTO_2015 (ID_FOTO,ID_CERTIFICATORE,PROGR_CERTIFICATO,ANNO,FK_TIPO_FOTO,NOME_FOTO,IDENTIFIC_FOTO,DT_FOTO,FLG_PRINCIPALE)
SELECT SEQ_SICEE_T_FOTO_2015.NEXTVAL,ID_CERTIFICATORE,PROGR_CERTIFICATO,ANNO,1,NOME_FOTO,IDENTIFIC_FOTO,DT_FOTO,'S'
FROM SICEE_T_CERTIFICATO where IDENTIFIC_FOTO is not null;
COMMIT;



SET DEFINE OFF;
Insert into SICEE_D_ISTRUZIONE
   (ID_ISTRUZIONE, FK_TIPO_ISTRUZIONE, CODICE, DENOMINAZIONE, SIGLA_ORDINE, 
    SIGLA_NON_ORDINE)
 Values
   (1, 1, 'LM-4', 'Architettura e ingegneria edile', '1', 
    '3');
Insert into SICEE_D_ISTRUZIONE
   (ID_ISTRUZIONE, FK_TIPO_ISTRUZIONE, CODICE, DENOMINAZIONE, SIGLA_ORDINE, 
    SIGLA_NON_ORDINE)
 Values
   (2, 1, 'LM-20', 'Ingegneria arospaziale e aeronautica', '1', 
    '3');
Insert into SICEE_D_ISTRUZIONE
   (ID_ISTRUZIONE, FK_TIPO_ISTRUZIONE, CODICE, DENOMINAZIONE, SIGLA_ORDINE, 
    SIGLA_NON_ORDINE)
 Values
   (3, 1, 'LM-21', 'Ingegneria biomedica', '1', 
    '3');
Insert into SICEE_D_ISTRUZIONE
   (ID_ISTRUZIONE, FK_TIPO_ISTRUZIONE, CODICE, DENOMINAZIONE, SIGLA_ORDINE, 
    SIGLA_NON_ORDINE)
 Values
   (4, 1, 'LM-22', 'Ingegneria chimica', '1', 
    '3');
Insert into SICEE_D_ISTRUZIONE
   (ID_ISTRUZIONE, FK_TIPO_ISTRUZIONE, CODICE, DENOMINAZIONE, SIGLA_ORDINE, 
    SIGLA_NON_ORDINE)
 Values
   (5, 1, 'LM-23', 'Ingegneria civile', '1', 
    '3');
Insert into SICEE_D_ISTRUZIONE
   (ID_ISTRUZIONE, FK_TIPO_ISTRUZIONE, CODICE, DENOMINAZIONE, SIGLA_ORDINE, 
    SIGLA_NON_ORDINE)
 Values
   (6, 1, 'LM-24', 'Ingegneria dei sistemi edilizi', '1', 
    '3');
Insert into SICEE_D_ISTRUZIONE
   (ID_ISTRUZIONE, FK_TIPO_ISTRUZIONE, CODICE, DENOMINAZIONE, SIGLA_ORDINE, 
    SIGLA_NON_ORDINE)
 Values
   (7, 1, 'LM-25', 'Ingegneria dell''automazione', '1', 
    '3');
Insert into SICEE_D_ISTRUZIONE
   (ID_ISTRUZIONE, FK_TIPO_ISTRUZIONE, CODICE, DENOMINAZIONE, SIGLA_ORDINE, 
    SIGLA_NON_ORDINE)
 Values
   (8, 1, 'LM-26', 'Ingegneria della sicurezza', '1', 
    '3');
Insert into SICEE_D_ISTRUZIONE
   (ID_ISTRUZIONE, FK_TIPO_ISTRUZIONE, CODICE, DENOMINAZIONE, SIGLA_ORDINE, 
    SIGLA_NON_ORDINE)
 Values
   (9, 1, 'LM-27', 'Ingegneria delle telecomuncazioni', '1', 
    '3');
Insert into SICEE_D_ISTRUZIONE
   (ID_ISTRUZIONE, FK_TIPO_ISTRUZIONE, CODICE, DENOMINAZIONE, SIGLA_ORDINE, 
    SIGLA_NON_ORDINE)
 Values
   (10, 1, 'LM-28', 'Ingegneria elettrica', '1', 
    '3');
Insert into SICEE_D_ISTRUZIONE
   (ID_ISTRUZIONE, FK_TIPO_ISTRUZIONE, CODICE, DENOMINAZIONE, SIGLA_ORDINE, 
    SIGLA_NON_ORDINE)
 Values
   (11, 1, 'LM-29', 'Ingegneria elettronica', '1', 
    '3');
Insert into SICEE_D_ISTRUZIONE
   (ID_ISTRUZIONE, FK_TIPO_ISTRUZIONE, CODICE, DENOMINAZIONE, SIGLA_ORDINE, 
    SIGLA_NON_ORDINE)
 Values
   (12, 1, 'LM-30', 'Ingegneria energetica e nucleare', '1', 
    '3');
Insert into SICEE_D_ISTRUZIONE
   (ID_ISTRUZIONE, FK_TIPO_ISTRUZIONE, CODICE, DENOMINAZIONE, SIGLA_ORDINE, 
    SIGLA_NON_ORDINE)
 Values
   (13, 1, 'LM-31', 'Ingegneria gestionale', '1', 
    '3');
Insert into SICEE_D_ISTRUZIONE
   (ID_ISTRUZIONE, FK_TIPO_ISTRUZIONE, CODICE, DENOMINAZIONE, SIGLA_ORDINE, 
    SIGLA_NON_ORDINE)
 Values
   (14, 1, 'LM-32', 'Ingegneria informatica', '1', 
    '3');
Insert into SICEE_D_ISTRUZIONE
   (ID_ISTRUZIONE, FK_TIPO_ISTRUZIONE, CODICE, DENOMINAZIONE, SIGLA_ORDINE, 
    SIGLA_NON_ORDINE)
 Values
   (15, 1, 'LM-33', 'Ingegneria meccanica', '1', 
    '3');
Insert into SICEE_D_ISTRUZIONE
   (ID_ISTRUZIONE, FK_TIPO_ISTRUZIONE, CODICE, DENOMINAZIONE, SIGLA_ORDINE, 
    SIGLA_NON_ORDINE)
 Values
   (16, 1, 'LM-34', 'Ingegneria navale', '1', 
    '3');
Insert into SICEE_D_ISTRUZIONE
   (ID_ISTRUZIONE, FK_TIPO_ISTRUZIONE, CODICE, DENOMINAZIONE, SIGLA_ORDINE, 
    SIGLA_NON_ORDINE)
 Values
   (17, 1, 'LM-35', 'Ingegneria per l''ambiente e il territorio', '1', 
    '3');
Insert into SICEE_D_ISTRUZIONE
   (ID_ISTRUZIONE, FK_TIPO_ISTRUZIONE, CODICE, DENOMINAZIONE, SIGLA_ORDINE, 
    SIGLA_NON_ORDINE)
 Values
   (18, 1, 'LM-53', 'Scienza e ingegneria dei materiali', '1', 
    '3');
Insert into SICEE_D_ISTRUZIONE
   (ID_ISTRUZIONE, FK_TIPO_ISTRUZIONE, CODICE, DENOMINAZIONE, SIGLA_ORDINE, 
    SIGLA_NON_ORDINE)
 Values
   (19, 1, 'LM-69', 'Scienze e tecnologie agrarie', '1', 
    '3');
Insert into SICEE_D_ISTRUZIONE
   (ID_ISTRUZIONE, FK_TIPO_ISTRUZIONE, CODICE, DENOMINAZIONE, SIGLA_ORDINE, 
    SIGLA_NON_ORDINE)
 Values
   (20, 1, 'LM-71', 'Scienze e tecnologie della chimica industriale', '1', 
    '3');
Insert into SICEE_D_ISTRUZIONE
   (ID_ISTRUZIONE, FK_TIPO_ISTRUZIONE, CODICE, DENOMINAZIONE, SIGLA_ORDINE, 
    SIGLA_NON_ORDINE)
 Values
   (21, 1, 'LM-73', 'Scienze e tecnologie forestali e ambientali', '1', 
    '3');
Insert into SICEE_D_ISTRUZIONE
   (ID_ISTRUZIONE, FK_TIPO_ISTRUZIONE, CODICE, DENOMINAZIONE, SIGLA_ORDINE, 
    SIGLA_NON_ORDINE)
 Values
   (22, 1, '4/S', 'Laurea specialistica in architettura e ingegneria edile', '1', 
    '3');
Insert into SICEE_D_ISTRUZIONE
   (ID_ISTRUZIONE, FK_TIPO_ISTRUZIONE, CODICE, DENOMINAZIONE, SIGLA_ORDINE, 
    SIGLA_NON_ORDINE)
 Values
   (23, 1, '25/S', 'Laurea specialistica in ingegneria arospaziale e aeronautica', '1', 
    '3');
Insert into SICEE_D_ISTRUZIONE
   (ID_ISTRUZIONE, FK_TIPO_ISTRUZIONE, CODICE, DENOMINAZIONE, SIGLA_ORDINE, 
    SIGLA_NON_ORDINE)
 Values
   (24, 1, '26/S', 'Laurea specialistica in ingegneria biomedica', '1', 
    '3');
Insert into SICEE_D_ISTRUZIONE
   (ID_ISTRUZIONE, FK_TIPO_ISTRUZIONE, CODICE, DENOMINAZIONE, SIGLA_ORDINE, 
    SIGLA_NON_ORDINE)
 Values
   (25, 1, '27/S', 'Laurea specialistica in ingegneria chimica', '1', 
    '3');
Insert into SICEE_D_ISTRUZIONE
   (ID_ISTRUZIONE, FK_TIPO_ISTRUZIONE, CODICE, DENOMINAZIONE, SIGLA_ORDINE, 
    SIGLA_NON_ORDINE)
 Values
   (26, 1, '28/S', 'Laurea specialistica in ingegneria civile', '1', 
    '3');
Insert into SICEE_D_ISTRUZIONE
   (ID_ISTRUZIONE, FK_TIPO_ISTRUZIONE, CODICE, DENOMINAZIONE, SIGLA_ORDINE, 
    SIGLA_NON_ORDINE)
 Values
   (27, 1, '29/S', 'Laurea specialistica in ingegneria dell''automazione', '1', 
    '3');
Insert into SICEE_D_ISTRUZIONE
   (ID_ISTRUZIONE, FK_TIPO_ISTRUZIONE, CODICE, DENOMINAZIONE, SIGLA_ORDINE, 
    SIGLA_NON_ORDINE)
 Values
   (28, 1, '30/S', 'Laurea specialistica in ingegneria delle telecomuncazioni', '1', 
    '3');
Insert into SICEE_D_ISTRUZIONE
   (ID_ISTRUZIONE, FK_TIPO_ISTRUZIONE, CODICE, DENOMINAZIONE, SIGLA_ORDINE, 
    SIGLA_NON_ORDINE)
 Values
   (29, 1, '31/S', 'Laurea specialistica in ingegneria elettrica', '1', 
    '3');
Insert into SICEE_D_ISTRUZIONE
   (ID_ISTRUZIONE, FK_TIPO_ISTRUZIONE, CODICE, DENOMINAZIONE, SIGLA_ORDINE, 
    SIGLA_NON_ORDINE)
 Values
   (30, 1, '32/S', 'Laurea specialistica in ingegneria elettronica', '1', 
    '3');
Insert into SICEE_D_ISTRUZIONE
   (ID_ISTRUZIONE, FK_TIPO_ISTRUZIONE, CODICE, DENOMINAZIONE, SIGLA_ORDINE, 
    SIGLA_NON_ORDINE)
 Values
   (31, 1, '33/S', 'Laurea specialistica in ingegneria energetica e nucleare', '1', 
    '3');
Insert into SICEE_D_ISTRUZIONE
   (ID_ISTRUZIONE, FK_TIPO_ISTRUZIONE, CODICE, DENOMINAZIONE, SIGLA_ORDINE, 
    SIGLA_NON_ORDINE)
 Values
   (32, 1, '34/S', 'Laurea specialistica in ingegneria gestionale', '1', 
    '3');
Insert into SICEE_D_ISTRUZIONE
   (ID_ISTRUZIONE, FK_TIPO_ISTRUZIONE, CODICE, DENOMINAZIONE, SIGLA_ORDINE, 
    SIGLA_NON_ORDINE)
 Values
   (33, 1, '35/S', 'Laurea specialistica in ingegneria informatica', '1', 
    '3');
Insert into SICEE_D_ISTRUZIONE
   (ID_ISTRUZIONE, FK_TIPO_ISTRUZIONE, CODICE, DENOMINAZIONE, SIGLA_ORDINE, 
    SIGLA_NON_ORDINE)
 Values
   (34, 1, '36/S', 'Laurea specialistica in ingegneria meccanica', '1', 
    '3');
Insert into SICEE_D_ISTRUZIONE
   (ID_ISTRUZIONE, FK_TIPO_ISTRUZIONE, CODICE, DENOMINAZIONE, SIGLA_ORDINE, 
    SIGLA_NON_ORDINE)
 Values
   (35, 1, '37/S', 'Laurea specialistica in ingegneria navale', '1', 
    '3');
Insert into SICEE_D_ISTRUZIONE
   (ID_ISTRUZIONE, FK_TIPO_ISTRUZIONE, CODICE, DENOMINAZIONE, SIGLA_ORDINE, 
    SIGLA_NON_ORDINE)
 Values
   (36, 1, '38/S', 'Laurea specialistica in ingegneria per l''ambiente e il territorio', '1', 
    '3');
Insert into SICEE_D_ISTRUZIONE
   (ID_ISTRUZIONE, FK_TIPO_ISTRUZIONE, CODICE, DENOMINAZIONE, SIGLA_ORDINE, 
    SIGLA_NON_ORDINE)
 Values
   (37, 1, '54/S', 'Laurea specialistica in pianificazione territoriale urbanistica e ambientale', '1', 
    '3');
Insert into SICEE_D_ISTRUZIONE
   (ID_ISTRUZIONE, FK_TIPO_ISTRUZIONE, CODICE, DENOMINAZIONE, SIGLA_ORDINE, 
    SIGLA_NON_ORDINE)
 Values
   (38, 1, '61/S', 'Laurea specialistica in scienza e ingegneria dei materiali', '1', 
    '3');
Insert into SICEE_D_ISTRUZIONE
   (ID_ISTRUZIONE, FK_TIPO_ISTRUZIONE, CODICE, DENOMINAZIONE, SIGLA_ORDINE, 
    SIGLA_NON_ORDINE)
 Values
   (39, 1, '74/S', 'Laurea specialistica in scienza e gestione delle risorse rurali e forestali', '1', 
    '3');
Insert into SICEE_D_ISTRUZIONE
   (ID_ISTRUZIONE, FK_TIPO_ISTRUZIONE, CODICE, DENOMINAZIONE, SIGLA_ORDINE, 
    SIGLA_NON_ORDINE)
 Values
   (40, 1, '77/S', 'Laurea specialistica in scienze e tecnologie agrarie', '1', 
    '3');
Insert into SICEE_D_ISTRUZIONE
   (ID_ISTRUZIONE, FK_TIPO_ISTRUZIONE, CODICE, DENOMINAZIONE, SIGLA_ORDINE, 
    SIGLA_NON_ORDINE)
 Values
   (41, 1, '81/S', 'Laurea specialistica in scienze e tecnologie della chimica industriale', '1', 
    '3');
Insert into SICEE_D_ISTRUZIONE
   (ID_ISTRUZIONE, FK_TIPO_ISTRUZIONE, CODICE, DENOMINAZIONE, SIGLA_ORDINE, 
    SIGLA_NON_ORDINE)
 Values
   (42, 2, 'L-7', 'Ingegneria civile e ambientale', '1', 
    '3');
Insert into SICEE_D_ISTRUZIONE
   (ID_ISTRUZIONE, FK_TIPO_ISTRUZIONE, CODICE, DENOMINAZIONE, SIGLA_ORDINE, 
    SIGLA_NON_ORDINE)
 Values
   (43, 2, 'L-9', 'Ingegneria industriale', '1', 
    '3');
Insert into SICEE_D_ISTRUZIONE
   (ID_ISTRUZIONE, FK_TIPO_ISTRUZIONE, CODICE, DENOMINAZIONE, SIGLA_ORDINE, 
    SIGLA_NON_ORDINE)
 Values
   (44, 2, 'L-17', 'Scienze dell''architettura', '1', 
    '3');
Insert into SICEE_D_ISTRUZIONE
   (ID_ISTRUZIONE, FK_TIPO_ISTRUZIONE, CODICE, DENOMINAZIONE, SIGLA_ORDINE, 
    SIGLA_NON_ORDINE)
 Values
   (45, 2, 'L-23', 'Scienze e tecniche dell''edilizia', '1', 
    '3');
Insert into SICEE_D_ISTRUZIONE
   (ID_ISTRUZIONE, FK_TIPO_ISTRUZIONE, CODICE, DENOMINAZIONE, SIGLA_ORDINE, 
    SIGLA_NON_ORDINE)
 Values
   (46, 2, 'L-25', 'Scienze e tecnologie agrarie e forestali', '1', 
    '3');
Insert into SICEE_D_ISTRUZIONE
   (ID_ISTRUZIONE, FK_TIPO_ISTRUZIONE, CODICE, DENOMINAZIONE, SIGLA_ORDINE, 
    SIGLA_NON_ORDINE)
 Values
   (47, 2, '4', 'Scienze dell''architettura e dell''ingegneria edile', '1', 
    '3');
Insert into SICEE_D_ISTRUZIONE
   (ID_ISTRUZIONE, FK_TIPO_ISTRUZIONE, CODICE, DENOMINAZIONE, SIGLA_ORDINE, 
    SIGLA_NON_ORDINE)
 Values
   (48, 2, '8', 'Ingegneria civile e ambientale', '1', 
    '3');
Insert into SICEE_D_ISTRUZIONE
   (ID_ISTRUZIONE, FK_TIPO_ISTRUZIONE, CODICE, DENOMINAZIONE, SIGLA_ORDINE, 
    SIGLA_NON_ORDINE)
 Values
   (49, 2, '10', 'Ingegneria industriale', '1', 
    '3');
Insert into SICEE_D_ISTRUZIONE
   (ID_ISTRUZIONE, FK_TIPO_ISTRUZIONE, CODICE, DENOMINAZIONE, SIGLA_ORDINE, 
    SIGLA_NON_ORDINE)
 Values
   (50, 2, '20', 'Scienze e tecnologie agrarie, agroalimentali e forestali', '1', 
    '3');
Insert into SICEE_D_ISTRUZIONE
   (ID_ISTRUZIONE, FK_TIPO_ISTRUZIONE, CODICE, DENOMINAZIONE, SIGLA_ORDINE, 
    SIGLA_NON_ORDINE)
 Values
   (51, 3, 'C1', 'Meccanica, meccanotronica ed energia - art. energia', '2', 
    '3');
Insert into SICEE_D_ISTRUZIONE
   (ID_ISTRUZIONE, FK_TIPO_ISTRUZIONE, CODICE, DENOMINAZIONE, SIGLA_ORDINE, 
    SIGLA_NON_ORDINE)
 Values
   (52, 3, 'C3', 'Elettronica ed elettrotecnica - art. elettrotecnica', '2', 
    '3');
Insert into SICEE_D_ISTRUZIONE
   (ID_ISTRUZIONE, FK_TIPO_ISTRUZIONE, CODICE, DENOMINAZIONE, SIGLA_ORDINE, 
    SIGLA_NON_ORDINE)
 Values
   (53, 3, 'Diploma perito industriale', 'Edilizia', '2', 
    '3');
Insert into SICEE_D_ISTRUZIONE
   (ID_ISTRUZIONE, FK_TIPO_ISTRUZIONE, CODICE, DENOMINAZIONE, SIGLA_ORDINE, 
    SIGLA_NON_ORDINE)
 Values
   (54, 3, 'Diploma perito industriale', 'Elettrotecnica', '2', 
    '3');
Insert into SICEE_D_ISTRUZIONE
   (ID_ISTRUZIONE, FK_TIPO_ISTRUZIONE, CODICE, DENOMINAZIONE, SIGLA_ORDINE, 
    SIGLA_NON_ORDINE)
 Values
   (55, 3, 'Diploma perito industriale', 'Meccanica', '2', 
    '3');
Insert into SICEE_D_ISTRUZIONE
   (ID_ISTRUZIONE, FK_TIPO_ISTRUZIONE, CODICE, DENOMINAZIONE, SIGLA_ORDINE, 
    SIGLA_NON_ORDINE)
 Values
   (56, 3, 'Diploma perito industriale', 'Termotecnica', '2', 
    '3');
Insert into SICEE_D_ISTRUZIONE
   (ID_ISTRUZIONE, FK_TIPO_ISTRUZIONE, CODICE, DENOMINAZIONE, SIGLA_ORDINE, 
    SIGLA_NON_ORDINE)
 Values
   (57, 3, 'Diploma perito industriale', 'Aeronautica', '2', 
    '3');
Insert into SICEE_D_ISTRUZIONE
   (ID_ISTRUZIONE, FK_TIPO_ISTRUZIONE, CODICE, DENOMINAZIONE, SIGLA_ORDINE, 
    SIGLA_NON_ORDINE)
 Values
   (58, 3, 'Diploma perito industriale', 'Energia nucleare', '2', 
    '3');
Insert into SICEE_D_ISTRUZIONE
   (ID_ISTRUZIONE, FK_TIPO_ISTRUZIONE, CODICE, DENOMINAZIONE, SIGLA_ORDINE, 
    SIGLA_NON_ORDINE)
 Values
   (59, 3, 'Diploma perito industriale', 'Metallurgia', '2', 
    '3');
Insert into SICEE_D_ISTRUZIONE
   (ID_ISTRUZIONE, FK_TIPO_ISTRUZIONE, CODICE, DENOMINAZIONE, SIGLA_ORDINE, 
    SIGLA_NON_ORDINE)
 Values
   (60, 3, 'Diploma perito industriale', 'Navalmeccanica', '2', 
    '3');
Insert into SICEE_D_ISTRUZIONE
   (ID_ISTRUZIONE, FK_TIPO_ISTRUZIONE, CODICE, DENOMINAZIONE, SIGLA_ORDINE, 
    SIGLA_NON_ORDINE)
 Values
   (61, 3, 'Diploma perito industriale', 'Metalmeccanica', '2', 
    '3');
Insert into SICEE_D_ISTRUZIONE
   (ID_ISTRUZIONE, FK_TIPO_ISTRUZIONE, CODICE, DENOMINAZIONE, SIGLA_ORDINE, 
    SIGLA_NON_ORDINE)
 Values
   (62, 3, 'C9', 'Costruzioni, ambiente e territorio', '2', 
    '3');
Insert into SICEE_D_ISTRUZIONE
   (ID_ISTRUZIONE, FK_TIPO_ISTRUZIONE, CODICE, DENOMINAZIONE, SIGLA_ORDINE, 
    SIGLA_NON_ORDINE)
 Values
   (63, 3, 'Diploma di geometra', 'Diploma di geometra', '2', 
    '3');
Insert into SICEE_D_ISTRUZIONE
   (ID_ISTRUZIONE, FK_TIPO_ISTRUZIONE, CODICE, DENOMINAZIONE, SIGLA_ORDINE, 
    SIGLA_NON_ORDINE)
 Values
   (64, 3, 'C8', 'Agraria, agroalimentare, agroindustria art. gestione dell''ambiente e del territorio', '2', 
    '3');
Insert into SICEE_D_ISTRUZIONE
   (ID_ISTRUZIONE, FK_TIPO_ISTRUZIONE, CODICE, DENOMINAZIONE, SIGLA_ORDINE, 
    SIGLA_NON_ORDINE)
 Values
   (65, 3, 'Diploma di perito agrario', 'Diploma di perito agrario', '2', 
    '3');
Insert into SICEE_D_ISTRUZIONE
   (ID_ISTRUZIONE, FK_TIPO_ISTRUZIONE, CODICE, DENOMINAZIONE, SIGLA_ORDINE, 
    SIGLA_NON_ORDINE)
 Values
   (66, 3, 'Diploma di perito agrotecnico', 'Diploma di perito agrotecnico', '2', 
    '3');
Insert into SICEE_D_ISTRUZIONE
   (ID_ISTRUZIONE, FK_TIPO_ISTRUZIONE, CODICE, DENOMINAZIONE, SIGLA_ORDINE, 
    SIGLA_NON_ORDINE)
 Values
   (67, 1, 'LM-17', 'Fisica', NULL, 
    '3');
Insert into SICEE_D_ISTRUZIONE
   (ID_ISTRUZIONE, FK_TIPO_ISTRUZIONE, CODICE, DENOMINAZIONE, SIGLA_ORDINE, 
    SIGLA_NON_ORDINE)
 Values
   (68, 1, 'LM-40', 'Matematica', NULL, 
    '3');
Insert into SICEE_D_ISTRUZIONE
   (ID_ISTRUZIONE, FK_TIPO_ISTRUZIONE, CODICE, DENOMINAZIONE, SIGLA_ORDINE, 
    SIGLA_NON_ORDINE)
 Values
   (69, 1, 'LM-44', 'Modellistica matematico-fisica per l''ingegneria', NULL, 
    '3');
Insert into SICEE_D_ISTRUZIONE
   (ID_ISTRUZIONE, FK_TIPO_ISTRUZIONE, CODICE, DENOMINAZIONE, SIGLA_ORDINE, 
    SIGLA_NON_ORDINE)
 Values
   (70, 1, 'LM-54', 'Scienze chimiche', NULL, 
    '3');
Insert into SICEE_D_ISTRUZIONE
   (ID_ISTRUZIONE, FK_TIPO_ISTRUZIONE, CODICE, DENOMINAZIONE, SIGLA_ORDINE, 
    SIGLA_NON_ORDINE)
 Values
   (71, 1, 'LM-60', 'Scienze della natura', NULL, 
    '3');
Insert into SICEE_D_ISTRUZIONE
   (ID_ISTRUZIONE, FK_TIPO_ISTRUZIONE, CODICE, DENOMINAZIONE, SIGLA_ORDINE, 
    SIGLA_NON_ORDINE)
 Values
   (72, 1, 'LM-74', 'Scienze e tecnologie geologiche', NULL, 
    '3');
Insert into SICEE_D_ISTRUZIONE
   (ID_ISTRUZIONE, FK_TIPO_ISTRUZIONE, CODICE, DENOMINAZIONE, SIGLA_ORDINE, 
    SIGLA_NON_ORDINE)
 Values
   (73, 1, 'LM-75', 'Scienze e tecnologie per l''ambiente e il territorio', NULL, 
    '3');
Insert into SICEE_D_ISTRUZIONE
   (ID_ISTRUZIONE, FK_TIPO_ISTRUZIONE, CODICE, DENOMINAZIONE, SIGLA_ORDINE, 
    SIGLA_NON_ORDINE)
 Values
   (74, 1, 'LM-79', 'Scienze geofisiche', NULL, 
    '3');
Insert into SICEE_D_ISTRUZIONE
   (ID_ISTRUZIONE, FK_TIPO_ISTRUZIONE, CODICE, DENOMINAZIONE, SIGLA_ORDINE, 
    SIGLA_NON_ORDINE)
 Values
   (75, 1, '20/S', 'Laurea specialistica in fisica', NULL, 
    '3');
Insert into SICEE_D_ISTRUZIONE
   (ID_ISTRUZIONE, FK_TIPO_ISTRUZIONE, CODICE, DENOMINAZIONE, SIGLA_ORDINE, 
    SIGLA_NON_ORDINE)
 Values
   (76, 1, '45/S', 'Laurea specialisticha in matematica', NULL, 
    '3');
Insert into SICEE_D_ISTRUZIONE
   (ID_ISTRUZIONE, FK_TIPO_ISTRUZIONE, CODICE, DENOMINAZIONE, SIGLA_ORDINE, 
    SIGLA_NON_ORDINE)
 Values
   (77, 1, '50/S', 'Laurea specialistica in modellistica matematico-fisica per l''ingegneria', NULL, 
    '3');
Insert into SICEE_D_ISTRUZIONE
   (ID_ISTRUZIONE, FK_TIPO_ISTRUZIONE, CODICE, DENOMINAZIONE, SIGLA_ORDINE, 
    SIGLA_NON_ORDINE)
 Values
   (78, 1, '62/S', 'Laurea specialistica in scienze chimiche', NULL, 
    '3');
Insert into SICEE_D_ISTRUZIONE
   (ID_ISTRUZIONE, FK_TIPO_ISTRUZIONE, CODICE, DENOMINAZIONE, SIGLA_ORDINE, 
    SIGLA_NON_ORDINE)
 Values
   (79, 1, '68/S', 'Laurea specialistica in scienze della natura', NULL, 
    '3');
Insert into SICEE_D_ISTRUZIONE
   (ID_ISTRUZIONE, FK_TIPO_ISTRUZIONE, CODICE, DENOMINAZIONE, SIGLA_ORDINE, 
    SIGLA_NON_ORDINE)
 Values
   (80, 1, '82/S', 'Laurea specialistica in scienze e tecnologie per l''ambiente e il territorio', NULL, 
    '3');
Insert into SICEE_D_ISTRUZIONE
   (ID_ISTRUZIONE, FK_TIPO_ISTRUZIONE, CODICE, DENOMINAZIONE, SIGLA_ORDINE, 
    SIGLA_NON_ORDINE)
 Values
   (81, 1, '85/S', 'Laurea specialistica in scienze geofisiche', NULL, 
    '3');
Insert into SICEE_D_ISTRUZIONE
   (ID_ISTRUZIONE, FK_TIPO_ISTRUZIONE, CODICE, DENOMINAZIONE, SIGLA_ORDINE, 
    SIGLA_NON_ORDINE)
 Values
   (82, 1, '86/S', 'Laurea specialistica in scienze geologiche', NULL, 
    '3');
Insert into SICEE_D_ISTRUZIONE
   (ID_ISTRUZIONE, FK_TIPO_ISTRUZIONE, CODICE, DENOMINAZIONE, SIGLA_ORDINE, 
    SIGLA_NON_ORDINE)
 Values
   (83, 2, 'L-8', 'Ingegneria dell''informazione', NULL, 
    '3');
Insert into SICEE_D_ISTRUZIONE
   (ID_ISTRUZIONE, FK_TIPO_ISTRUZIONE, CODICE, DENOMINAZIONE, SIGLA_ORDINE, 
    SIGLA_NON_ORDINE)
 Values
   (84, 2, 'L-30', 'Scienze e tecnologie fisiche', NULL, 
    '3');
Insert into SICEE_D_ISTRUZIONE
   (ID_ISTRUZIONE, FK_TIPO_ISTRUZIONE, CODICE, DENOMINAZIONE, SIGLA_ORDINE, 
    SIGLA_NON_ORDINE)
 Values
   (85, 2, 'L-21', 'Scienze della pianificazione territoriale, urbanistica, paesaggistica e ambientale', NULL, 
    '3');
Insert into SICEE_D_ISTRUZIONE
   (ID_ISTRUZIONE, FK_TIPO_ISTRUZIONE, CODICE, DENOMINAZIONE, SIGLA_ORDINE, 
    SIGLA_NON_ORDINE)
 Values
   (86, 2, 'L-27', 'Scienze e tecnologie fisiche', NULL, 
    '3');
Insert into SICEE_D_ISTRUZIONE
   (ID_ISTRUZIONE, FK_TIPO_ISTRUZIONE, CODICE, DENOMINAZIONE, SIGLA_ORDINE, 
    SIGLA_NON_ORDINE)
 Values
   (87, 2, 'L-32', 'Scienze e tecnologie per l''ambiente e la natura', NULL, 
    '3');
Insert into SICEE_D_ISTRUZIONE
   (ID_ISTRUZIONE, FK_TIPO_ISTRUZIONE, CODICE, DENOMINAZIONE, SIGLA_ORDINE, 
    SIGLA_NON_ORDINE)
 Values
   (88, 2, 'L-34', 'Scienze geologiche', NULL, 
    '3');
Insert into SICEE_D_ISTRUZIONE
   (ID_ISTRUZIONE, FK_TIPO_ISTRUZIONE, CODICE, DENOMINAZIONE, SIGLA_ORDINE, 
    SIGLA_NON_ORDINE)
 Values
   (89, 2, 'L-35', 'Scienze matematiche', NULL, 
    '3');
Insert into SICEE_D_ISTRUZIONE
   (ID_ISTRUZIONE, FK_TIPO_ISTRUZIONE, CODICE, DENOMINAZIONE, SIGLA_ORDINE, 
    SIGLA_NON_ORDINE)
 Values
   (90, 2, '7', 'Urbanistica e scienze della pianificazione territoriale e ambientale', NULL, 
    '3');
Insert into SICEE_D_ISTRUZIONE
   (ID_ISTRUZIONE, FK_TIPO_ISTRUZIONE, CODICE, DENOMINAZIONE, SIGLA_ORDINE, 
    SIGLA_NON_ORDINE)
 Values
   (91, 2, '9', 'Ingegneria dell''informazione', NULL, 
    '3');
Insert into SICEE_D_ISTRUZIONE
   (ID_ISTRUZIONE, FK_TIPO_ISTRUZIONE, CODICE, DENOMINAZIONE, SIGLA_ORDINE, 
    SIGLA_NON_ORDINE)
 Values
   (92, 2, '16', 'Scienze della terra', NULL, 
    '3');
Insert into SICEE_D_ISTRUZIONE
   (ID_ISTRUZIONE, FK_TIPO_ISTRUZIONE, CODICE, DENOMINAZIONE, SIGLA_ORDINE, 
    SIGLA_NON_ORDINE)
 Values
   (93, 2, '21', 'Scienze e tecnologie chimiche', NULL, 
    '3');
Insert into SICEE_D_ISTRUZIONE
   (ID_ISTRUZIONE, FK_TIPO_ISTRUZIONE, CODICE, DENOMINAZIONE, SIGLA_ORDINE, 
    SIGLA_NON_ORDINE)
 Values
   (94, 2, '25', 'Scienze e tecnologie fisiche', NULL, 
    '3');
Insert into SICEE_D_ISTRUZIONE
   (ID_ISTRUZIONE, FK_TIPO_ISTRUZIONE, CODICE, DENOMINAZIONE, SIGLA_ORDINE, 
    SIGLA_NON_ORDINE)
 Values
   (95, 2, '27', 'Scienze e tecnologie per l''ambiente e la natura', NULL, 
    '3');
Insert into SICEE_D_ISTRUZIONE
   (ID_ISTRUZIONE, FK_TIPO_ISTRUZIONE, CODICE, DENOMINAZIONE, SIGLA_ORDINE, 
    SIGLA_NON_ORDINE)
 Values
   (96, 2, '32', 'Scienze matematiche', NULL, 
    '3');
Insert into SICEE_D_ISTRUZIONE
   (ID_ISTRUZIONE, FK_TIPO_ISTRUZIONE, CODICE, DENOMINAZIONE, SIGLA_ORDINE, 
    SIGLA_NON_ORDINE)
 Values
   (97, 3, 'C2', 'Trasporti e logistica', NULL, 
    '3');
Insert into SICEE_D_ISTRUZIONE
   (ID_ISTRUZIONE, FK_TIPO_ISTRUZIONE, CODICE, DENOMINAZIONE, SIGLA_ORDINE, 
    SIGLA_NON_ORDINE)
 Values
   (98, 3, 'C3', 'Elettronica ed elettrotecnica - art. elettronica e automazione', NULL, 
    '3');
Insert into SICEE_D_ISTRUZIONE
   (ID_ISTRUZIONE, FK_TIPO_ISTRUZIONE, CODICE, DENOMINAZIONE, SIGLA_ORDINE, 
    SIGLA_NON_ORDINE)
 Values
   (99, 3, 'C4', 'Informatica e telecomuncazioni', NULL, 
    '3');
Insert into SICEE_D_ISTRUZIONE
   (ID_ISTRUZIONE, FK_TIPO_ISTRUZIONE, CODICE, DENOMINAZIONE, SIGLA_ORDINE, 
    SIGLA_NON_ORDINE)
 Values
   (100, 3, 'C5', 'Grafica e telecomunicazioni', NULL, 
    '3');
Insert into SICEE_D_ISTRUZIONE
   (ID_ISTRUZIONE, FK_TIPO_ISTRUZIONE, CODICE, DENOMINAZIONE, SIGLA_ORDINE, 
    SIGLA_NON_ORDINE)
 Values
   (101, 3, 'C6', 'Chimica, materiali e biotecnologia', NULL, 
    '3');
Insert into SICEE_D_ISTRUZIONE
   (ID_ISTRUZIONE, FK_TIPO_ISTRUZIONE, CODICE, DENOMINAZIONE, SIGLA_ORDINE, 
    SIGLA_NON_ORDINE)
 Values
   (102, 3, 'C7', 'Sistema moda', NULL, 
    '3');
COMMIT;



CREATE TABLE SICEE_D_SCADENZA_CERT_2015 (
       ID_SCADENZA_CERT     NUMBER(3)  NOT NULL,
       DESCR                VARCHAR2(50) NULL
);


ALTER TABLE SICEE_D_SCADENZA_CERT_2015
       ADD  ( CONSTRAINT PK_SICEE_D_SCADENZA_CERT_2015 PRIMARY KEY (
              ID_SCADENZA_CERT) ) ;




ALTER TABLE SICEE_T_CERTIFICATO ADD(FK_SCADENZA_CERT NUMBER(3));


ALTER TABLE SICEE_T_CERTIFICATO
       ADD  ( CONSTRAINT FK_SICEE_D_SCADENZA_01
              FOREIGN KEY (FK_SCADENZA_CERT)
                             REFERENCES SICEE_D_SCADENZA_CERT_2015 ) ;
                             
                             
SET DEFINE OFF;
Insert into SICEE.SICEE_D_SCADENZA_CERT_2015
   (ID_SCADENZA_CERT, DESCR)
 Values
   (1, '31/12 ANNO IN CORSO');
Insert into SICEE.SICEE_D_SCADENZA_CERT_2015
   (ID_SCADENZA_CERT, DESCR)
 Values
   (2, '31/12 ANNO IN CORSO + 1');
Insert into SICEE.SICEE_D_SCADENZA_CERT_2015
   (ID_SCADENZA_CERT, DESCR)
 Values
   (3, '10 ANNI');
COMMIT;
                             